timeStamp,elapsed,label,responseCode,responseMessage,threadName,dataType,success,failureMessage,bytes,sentBytes,grpThreads,allThreads,URL,Latency,IdleTime,Connect
1675267612733,625,/get_method,200,OK,50 1-16,text,true,,169,151,34,380,http://162.55.220.72:5005/get_method?name=Evgen&age=24,625,0,394
1675267612796,793,/get_method,200,OK,50 1-18,text,true,,169,151,50,539,http://162.55.220.72:5005/get_method?name=Evgen&age=24,793,0,502
1675267612763,854,/get_method,200,OK,50 1-14,text,true,,169,151,50,695,http://162.55.220.72:5005/get_method?name=Evgen&age=24,854,0,531
1675267612780,694,/get_method,200,OK,50 1-12,text,true,,169,151,50,480,http://162.55.220.72:5005/get_method?name=Evgen&age=24,694,0,488
1675267612766,702,/get_method,200,OK,50 1-11,text,true,,169,151,40,459,http://162.55.220.72:5005/get_method?name=Evgen&age=24,702,0,472
1675267612780,683,/get_method,200,OK,50 1-13,text,true,,169,151,39,444,http://162.55.220.72:5005/get_method?name=Evgen&age=24,683,0,488
1675267612790,714,/get_method,200,OK,50 1-27,text,true,,169,151,50,484,http://162.55.220.72:5005/get_method?name=Evgen&age=24,714,0,502
1675267613040,952,/get_method,200,OK,50 1-8,text,true,,169,151,50,795,http://162.55.220.72:5005/get_method?name=Evgen&age=24,951,0,275
1675267612946,1052,/get_method,200,OK,50 1-35,text,true,,169,151,50,795,http://162.55.220.72:5005/get_method?name=Evgen&age=24,1052,0,367
1675267612939,1066,/get_method,200,OK,50 1-1,text,true,,169,151,50,795,http://162.55.220.72:5005/get_method?name=Evgen&age=24,1066,0,371
1675267612927,1084,/get_method,200,OK,50 1-21,text,true,,169,151,50,795,http://162.55.220.72:5005/get_method?name=Evgen&age=24,1084,0,381
1675267612931,1086,/get_method,200,OK,50 1-22,text,true,,169,151,50,795,http://162.55.220.72:5005/get_method?name=Evgen&age=24,1086,0,376
1675267612831,1188,/get_method,200,OK,50 1-17,text,true,,169,151,50,795,http://162.55.220.72:5005/get_method?name=Evgen&age=24,1187,0,471
1675267612920,1103,/get_method,200,OK,50 1-20,text,true,,169,151,50,795,http://162.55.220.72:5005/get_method?name=Evgen&age=24,1103,0,382
1675267612659,1381,/get_method,200,OK,50 1-19,text,true,,169,151,50,798,http://162.55.220.72:5005/get_method?name=Evgen&age=24,1380,0,642
1675267612812,1244,/get_method,200,OK,50 1-28,text,true,,169,151,50,798,http://162.55.220.72:5005/get_method?name=Evgen&age=24,1244,0,486
1675267612808,1249,/get_method,200,OK,50 1-15,text,true,,169,151,50,798,http://162.55.220.72:5005/get_method?name=Evgen&age=24,1249,0,491
1675267613479,895,/get_method,200,OK,50 1-40,text,true,,169,151,50,800,http://162.55.220.72:5005/get_method?name=Evgen&age=24,895,0,112
1675267613480,897,/get_method,200,OK,50 1-41,text,true,,169,151,50,800,http://162.55.220.72:5005/get_method?name=Evgen&age=24,897,0,111
1675267613478,901,/get_method,200,OK,50 1-37,text,true,,169,151,50,800,http://162.55.220.72:5005/get_method?name=Evgen&age=24,901,0,113
1675267613050,1436,/get_method,200,OK,50 1-38,text,true,,169,151,50,800,http://162.55.220.72:5005/get_method?name=Evgen&age=24,1436,0,268
1675267613563,924,/get_method,200,OK,50 1-44,text,true,,169,151,50,800,http://162.55.220.72:5005/get_method?name=Evgen&age=24,923,0,461
1675267613045,1442,/get_method,200,OK,50 1-9,text,true,,169,151,50,800,http://162.55.220.72:5005/get_method?name=Evgen&age=24,1442,0,273
1675267613564,927,/user_info_2,200,OK,50 1-16,text,true,,464,248,50,800,http://162.55.220.72:5005/user_info_2,927,0,460
1675267613075,1420,/get_method,200,OK,50 1-4,text,true,,169,151,50,800,http://162.55.220.72:5005/get_method?name=Evgen&age=24,1420,0,254
1675267613079,1417,/get_method,200,OK,50 1-7,text,true,,169,151,50,800,http://162.55.220.72:5005/get_method?name=Evgen&age=24,1417,0,251
1675267613047,1453,/get_method,200,OK,50 1-10,text,true,,169,151,50,800,http://162.55.220.72:5005/get_method?name=Evgen&age=24,1453,0,268
1675267613080,1422,/get_method,200,OK,50 1-42,text,true,,169,151,50,800,http://162.55.220.72:5005/get_method?name=Evgen&age=24,1421,0,250
1675267613095,1419,/get_method,200,OK,50 1-43,text,true,,169,151,50,800,http://162.55.220.72:5005/get_method?name=Evgen&age=24,1412,0,238
1675267613090,1425,/get_method,200,OK,50 1-2,text,true,,169,151,50,800,http://162.55.220.72:5005/get_method?name=Evgen&age=24,1418,0,243
1675267613083,1435,/get_method,200,OK,50 1-5,text,true,,169,151,50,800,http://162.55.220.72:5005/get_method?name=Evgen&age=24,1427,0,247
1675267613032,1508,/get_method,200,OK,50 1-39,text,true,,169,151,50,800,http://162.55.220.72:5005/get_method?name=Evgen&age=24,1508,0,282
1675267613618,1162,/user_info_2,200,OK,50 1-14,text,true,,464,248,50,800,http://162.55.220.72:5005/user_info_2,1161,0,565
1675267613653,1130,/user_info_2,200,OK,50 1-11,text,true,,464,248,50,800,http://162.55.220.72:5005/user_info_2,1130,0,528
1675267613102,1682,/get_method,200,OK,50 1-23,text,true,,169,151,50,800,http://162.55.220.72:5005/get_method?name=Evgen&age=24,1681,0,231
1675267613654,1135,/user_info_2,200,OK,50 1-13,text,true,,464,248,50,800,http://162.55.220.72:5005/user_info_2,1135,0,527
1675267613589,1202,/user_info_2,200,OK,50 1-18,text,true,,464,248,50,800,http://162.55.220.72:5005/user_info_2,1202,0,594
1675267613652,1140,/user_info_2,200,OK,50 1-12,text,true,,464,248,50,800,http://162.55.220.72:5005/user_info_2,1139,0,529
1675267613708,1182,/user_info_2,200,OK,50 1-27,text,true,,464,248,50,800,http://162.55.220.72:5005/user_info_2,1182,0,466
1675267613737,1156,/get_method,200,OK,50 1-45,text,true,,169,151,50,800,http://162.55.220.72:5005/get_method?name=Evgen&age=24,1156,0,438
1675267613758,1173,/get_method,200,OK,50 1-47,text,true,,169,151,50,800,http://162.55.220.72:5005/get_method?name=Evgen&age=24,1173,0,416
1675267613854,1105,/get_method,200,OK,50 1-46,text,true,,169,151,50,800,http://162.55.220.72:5005/get_method?name=Evgen&age=24,1105,0,499
1675267613761,1213,/get_method,200,OK,50 1-48,text,true,,169,151,50,800,http://162.55.220.72:5005/get_method?name=Evgen&age=24,1213,0,622
1675267613810,1273,/get_method,200,OK,50 1-50,text,true,,169,151,50,800,http://162.55.220.72:5005/get_method?name=Evgen&age=24,1272,0,573
1675267613829,1255,/get_method,200,OK,50 1-49,text,true,,169,151,50,800,http://162.55.220.72:5005/get_method?name=Evgen&age=24,1253,0,554
1675267613981,1162,/get_method,200,OK,50 1-33,text,true,,169,151,50,800,http://162.55.220.72:5005/get_method?name=Evgen&age=24,1159,0,392
1675267614309,848,/get_method,200,OK,50 1-29,text,true,,169,151,50,800,http://162.55.220.72:5005/get_method?name=Evgen&age=24,848,0,294
1675267614501,659,/user_info_2,200,OK,50 1-10,text,true,,464,248,50,800,http://162.55.220.72:5005/user_info_2,659,0,165
1675267614502,662,/user_info_2,200,OK,50 1-42,text,true,,464,248,50,800,http://162.55.220.72:5005/user_info_2,658,0,164
1675267614540,672,/user_info_2,200,OK,50 1-39,text,true,,464,248,50,800,http://162.55.220.72:5005/user_info_2,672,0,251
1675267614006,1333,/user_info_2,200,OK,50 1-1,text,true,,464,248,50,800,http://162.55.220.72:5005/user_info_2,1333,0,365
1675267613998,1436,/user_info_2,200,OK,50 1-35,text,true,,464,248,50,800,http://162.55.220.72:5005/user_info_2,1436,0,373
1675267613992,1442,/user_info_2,200,OK,50 1-8,text,true,,464,248,50,800,http://162.55.220.72:5005/user_info_2,1442,0,380
1675267613983,1514,/get_method,200,OK,50 1-34,text,true,,169,151,50,800,http://162.55.220.72:5005/get_method?name=Evgen&age=24,1514,0,390
1675267614780,718,/user_info_3,200,OK,50 1-14,text,true,,371,248,50,800,http://162.55.220.72:5005/user_info_3,718,0,368
1675267614784,732,/user_info_2,200,OK,50 1-23,text,true,,464,248,50,800,http://162.55.220.72:5005/user_info_2,731,0,381
1675267614784,754,/user_info_3,200,OK,50 1-11,text,true,,371,248,50,800,http://162.55.220.72:5005/user_info_3,754,0,381
1675267614792,746,/user_info_3,200,OK,50 1-12,text,true,,371,248,50,800,http://162.55.220.72:5005/user_info_3,746,0,378
1675267614790,761,/user_info_3,200,OK,50 1-13,text,true,,371,248,50,800,http://162.55.220.72:5005/user_info_3,761,0,381
1675267614791,761,/user_info_3,200,OK,50 1-18,text,true,,371,248,50,800,http://162.55.220.72:5005/user_info_3,761,0,380
1675267614932,673,/user_info_2,200,OK,50 1-47,text,true,,464,248,50,800,http://162.55.220.72:5005/user_info_2,673,0,247
1675267615144,544,/user_info_2,200,OK,50 1-33,text,true,,464,248,50,800,http://162.55.220.72:5005/user_info_2,544,0,150
1675267615164,528,/user_info_3,200,OK,50 1-42,text,true,,371,248,50,800,http://162.55.220.72:5005/user_info_3,528,0,141
1675267615164,528,/user_info_3,200,OK,50 1-10,text,true,,371,248,50,800,http://162.55.220.72:5005/user_info_3,528,0,141
1675267614023,1676,/user_info_2,200,OK,50 1-20,text,true,,464,248,50,800,http://162.55.220.72:5005/user_info_2,1676,0,490
1675267614019,1684,/user_info_2,200,OK,50 1-17,text,true,,464,248,50,800,http://162.55.220.72:5005/user_info_2,1684,0,495
1675267614011,1701,/user_info_2,200,OK,50 1-21,text,true,,464,248,50,800,http://162.55.220.72:5005/user_info_2,1699,0,507
1675267615340,378,/user_info_3,200,OK,50 1-1,text,true,,371,248,50,800,http://162.55.220.72:5005/user_info_3,378,0,158
1675267614380,1339,/user_info_2,200,OK,50 1-37,text,true,,464,248,50,800,http://162.55.220.72:5005/user_info_2,1339,0,1139
1675267614374,1359,/user_info_2,200,OK,50 1-40,text,true,,464,248,50,800,http://162.55.220.72:5005/user_info_2,1359,0,1144
1675267614379,1354,/user_info_2,200,OK,50 1-41,text,true,,464,248,50,800,http://162.55.220.72:5005/user_info_2,1354,0,1140
1675267615084,882,/user_info_2,200,OK,50 1-49,text,true,,464,248,50,800,http://162.55.220.72:5005/user_info_2,882,0,130
1675267615083,884,/user_info_2,200,OK,50 1-50,text,true,,464,248,50,800,http://162.55.220.72:5005/user_info_2,884,0,131
1675267615434,538,/user_info_3,200,OK,50 1-8,text,true,,371,248,50,800,http://162.55.220.72:5005/user_info_3,538,0,168
1675267614487,1537,/user_info_2,200,OK,50 1-44,text,true,,464,248,50,800,http://162.55.220.72:5005/user_info_2,1537,0,1123
1675267614487,1541,/user_info_2,200,OK,50 1-38,text,true,,464,248,50,800,http://162.55.220.72:5005/user_info_2,1541,0,1123
1675267614487,1547,/user_info_2,200,OK,50 1-9,text,true,,464,248,50,800,http://162.55.220.72:5005/user_info_2,1547,0,1123
1675267614017,2020,/user_info_2,200,OK,50 1-22,text,true,,464,248,50,800,http://162.55.220.72:5005/user_info_2,2020,0,1164
1675267615498,548,/user_info_2,200,OK,50 1-34,text,true,,464,248,50,800,http://162.55.220.72:5005/user_info_2,548,0,160
1675267615516,567,/user_info_3,200,OK,50 1-23,text,true,,371,248,50,800,http://162.55.220.72:5005/user_info_3,567,0,151
1675267614979,1105,/user_info_2,200,OK,50 1-48,text,true,,464,248,50,800,http://162.55.220.72:5005/user_info_2,1105,0,202
1675267615551,534,/object_info_1,200,OK,50 1-13,text,true,,230,164,50,800,http://162.55.220.72:5005/object_info_1?name=Katya&age=33&weight=60,534,0,143
1675267615693,430,/object_info_1,200,OK,50 1-42,text,true,,230,164,50,800,http://162.55.220.72:5005/object_info_1?name=Katya&age=33&weight=60,430,0,81
1675267615692,436,/object_info_1,200,OK,50 1-10,text,true,,230,164,50,800,http://162.55.220.72:5005/object_info_1?name=Katya&age=33&weight=60,436,0,82
1675267614893,1259,/user_info_2,200,OK,50 1-45,text,true,,464,248,50,800,http://162.55.220.72:5005/user_info_2,1259,0,287
1675267615733,427,/user_info_3,200,OK,50 1-41,text,true,,371,248,50,800,http://162.55.220.72:5005/user_info_3,427,0,67
1675267615966,396,/user_info_3,200,OK,50 1-49,text,true,,371,248,50,800,http://162.55.220.72:5005/user_info_3,396,0,69
1675267615498,874,/object_info_1,200,OK,50 1-14,text,true,,230,164,50,800,http://162.55.220.72:5005/object_info_1?name=Katya&age=33&weight=60,874,0,144
1675267615434,940,/user_info_3,200,OK,50 1-35,text,true,,371,248,50,800,http://162.55.220.72:5005/user_info_3,940,0,168
1675267616028,406,/user_info_3,200,OK,50 1-38,text,true,,371,248,50,800,http://162.55.220.72:5005/user_info_3,406,0,68
1675267614496,1982,/user_info_2,200,OK,50 1-7,text,true,,464,248,50,800,http://162.55.220.72:5005/user_info_2,1982,0,1164
1675267614040,2441,/user_info_2,200,OK,50 1-19,text,true,,464,248,50,800,http://162.55.220.72:5005/user_info_2,2441,0,1163
1675267615158,1381,/user_info_2,200,OK,50 1-29,text,true,,464,248,50,800,http://162.55.220.72:5005/user_info_2,1381,0,141
1675267614131,2432,/get_method,200,OK,50 1-30,text,true,,169,151,50,800,http://162.55.220.72:5005/get_method?name=Evgen&age=24,2432,0,359
1675267616152,429,/user_info_3,200,OK,50 1-45,text,true,,371,248,50,800,http://162.55.220.72:5005/user_info_3,429,0,117
1675267616025,713,/user_info_3,200,OK,50 1-44,text,true,,371,248,50,800,http://162.55.220.72:5005/user_info_3,713,0,68
1675267616046,704,/user_info_3,200,OK,50 1-34,text,true,,371,248,50,800,http://162.55.220.72:5005/user_info_3,704,0,69
1675267616372,399,/object_info_2,200,OK,50 1-14,text,true,,463,165,50,800,http://162.55.220.72:5005/object_info_2?name=Oleg&age=30&salary=1900,399,0,105
1675267616374,399,/object_info_1,200,OK,50 1-35,text,true,,230,164,50,800,http://162.55.220.72:5005/object_info_1?name=Katya&age=33&weight=60,399,0,104
1675267616123,652,/object_info_2,200,OK,50 1-42,text,true,,463,165,50,800,http://162.55.220.72:5005/object_info_2?name=Oleg&age=30&salary=1900,652,0,71
1675267614491,2348,/user_info_3,200,OK,50 1-16,text,true,,371,248,50,800,http://162.55.220.72:5005/user_info_3,2348,0,1169
1675267615552,1288,/object_info_1,200,OK,50 1-18,text,true,,230,164,50,800,http://162.55.220.72:5005/object_info_1?name=Katya&age=33&weight=60,1288,0,143
1675267616434,415,/object_info_1,200,OK,50 1-38,text,true,,230,164,50,800,http://162.55.220.72:5005/object_info_1?name=Katya&age=33&weight=60,415,0,122
1675267614495,2366,/user_info_2,200,OK,50 1-4,text,true,,464,248,50,800,http://162.55.220.72:5005/user_info_2,2366,0,1165
1675267614514,2361,/user_info_2,200,OK,50 1-43,text,true,,464,248,50,800,http://162.55.220.72:5005/user_info_2,2361,0,1158
1675267614515,2361,/user_info_2,200,OK,50 1-2,text,true,,464,248,50,800,http://162.55.220.72:5005/user_info_2,2361,0,1156
1675267615539,1337,/object_info_1,200,OK,50 1-12,text,true,,230,164,50,800,http://162.55.220.72:5005/object_info_1?name=Katya&age=33&weight=60,1337,0,149
1675267614518,2390,/user_info_2,200,OK,50 1-5,text,true,,464,248,50,800,http://162.55.220.72:5005/user_info_2,2390,0,1153
1675267616481,498,/user_info_3,200,OK,50 1-19,text,true,,371,248,50,800,http://162.55.220.72:5005/user_info_3,498,0,91
1675267615605,1442,/user_info_3,200,OK,50 1-47,text,true,,371,248,50,800,http://162.55.220.72:5005/user_info_3,1442,0,1078
1675267615967,1148,/user_info_3,200,OK,50 1-50,text,true,,371,248,50,800,http://162.55.220.72:5005/user_info_3,1148,0,116
1675267615689,1443,/user_info_3,200,OK,50 1-33,text,true,,371,248,50,800,http://162.55.220.72:5005/user_info_3,1443,0,1075
1675267615718,1459,/object_info_1,200,OK,50 1-1,text,true,,230,164,50,800,http://162.55.220.72:5005/object_info_1?name=Katya&age=33&weight=60,1459,0,1075
1675267616738,456,/object_info_1,200,OK,50 1-44,text,true,,230,164,50,800,http://162.55.220.72:5005/object_info_1?name=Katya&age=33&weight=60,456,0,67
1675267616750,462,/object_info_1,200,OK,50 1-34,text,true,,230,164,50,800,http://162.55.220.72:5005/object_info_1?name=Katya&age=33&weight=60,462,0,66
1675267616772,507,/object_info_3,200,OK,50 1-14,text,true,,524,165,50,800,http://162.55.220.72:5005/object_info_3?name=Georg&age=19&salary=900,507,0,68
1675267616773,506,/object_info_2,200,OK,50 1-35,text,true,,463,165,50,800,http://162.55.220.72:5005/object_info_2?name=Oleg&age=30&salary=1900,506,0,68
1675267616839,445,/object_info_1,200,OK,50 1-16,text,true,,230,164,50,800,http://162.55.220.72:5005/object_info_1?name=Katya&age=33&weight=60,445,0,69
1675267616840,445,/object_info_2,200,OK,50 1-18,text,true,,463,165,50,800,http://162.55.220.72:5005/object_info_2?name=Oleg&age=30&salary=1900,445,0,68
1675267615213,2073,/user_info_3,200,OK,50 1-39,text,true,,371,248,50,800,http://162.55.220.72:5005/user_info_3,2073,0,1113
1675267616564,737,/user_info_2,200,OK,50 1-30,text,true,,464,248,50,800,http://162.55.220.72:5005/user_info_2,737,0,88
1675267616876,433,/object_info_2,200,OK,50 1-12,text,true,,463,165,50,800,http://162.55.220.72:5005/object_info_2?name=Oleg&age=30&salary=1900,433,0,102
1675267615538,1805,/object_info_1,200,OK,50 1-11,text,true,,230,164,50,800,http://162.55.220.72:5005/object_info_1?name=Katya&age=33&weight=60,1805,0,1112
1675267616985,465,/object_info_1,200,OK,50 1-19,text,true,,230,164,50,800,http://162.55.220.72:5005/object_info_1?name=Katya&age=33&weight=60,465,0,97
1675267614056,3396,/user_info_2,200,OK,50 1-28,text,true,,464,248,50,800,http://162.55.220.72:5005/user_info_2,3396,0,1153
1675267614058,3394,/user_info_2,200,OK,50 1-15,text,true,,464,248,50,800,http://162.55.220.72:5005/user_info_2,3394,0,1151
1675267616038,1418,/user_info_3,200,OK,50 1-22,text,true,,371,248,50,800,http://162.55.220.72:5005/user_info_3,1418,0,1080
1675267616085,1476,/object_info_2,200,OK,50 1-13,text,true,,463,165,50,800,http://162.55.220.72:5005/object_info_2?name=Oleg&age=30&salary=1900,1476,0,1109
1675267616084,1493,/user_info_3,200,OK,50 1-48,text,true,,371,248,50,800,http://162.55.220.72:5005/user_info_3,1493,0,1110
1675267616128,1455,/object_info_2,200,OK,50 1-10,text,true,,463,165,50,800,http://162.55.220.72:5005/object_info_2?name=Oleg&age=30&salary=1900,1455,0,1086
1675267616861,724,/user_info_3,200,OK,50 1-4,text,true,,371,248,50,800,http://162.55.220.72:5005/user_info_3,724,0,104
1675267615972,1614,/object_info_1,200,OK,50 1-8,text,true,,230,164,50,800,http://162.55.220.72:5005/object_info_1?name=Katya&age=33&weight=60,1614,0,83
1675267616160,1516,/object_info_1,200,OK,50 1-41,text,true,,230,164,50,800,http://162.55.220.72:5005/object_info_1?name=Katya&age=33&weight=60,1516,0,1123
1675267617195,505,/object_info_2,200,OK,50 1-44,text,true,,463,165,50,800,http://162.55.220.72:5005/object_info_2?name=Oleg&age=30&salary=1900,505,0,95
1675267615712,2008,/user_info_3,200,OK,50 1-21,text,true,,371,248,50,800,http://162.55.220.72:5005/user_info_3,2007,0,1081
1675267615719,2008,/user_info_3,200,OK,50 1-37,text,true,,371,248,50,800,http://162.55.220.72:5005/user_info_3,2008,0,1074
1675267617047,727,/object_info_1,200,OK,50 1-47,text,true,,230,164,50,800,http://162.55.220.72:5005/object_info_1?name=Katya&age=33&weight=60,727,0,72
1675267617286,505,/object_info_3,200,OK,50 1-18,text,true,,524,165,50,800,http://162.55.220.72:5005/object_info_3?name=Georg&age=19&salary=900,505,0,162
1675267616908,1040,/user_info_3,200,OK,50 1-5,text,true,,371,248,50,799,http://162.55.220.72:5005/user_info_3,1040,0,85
1675267617213,737,/object_info_2,200,OK,50 1-34,text,true,,463,165,50,799,http://162.55.220.72:5005/object_info_2?name=Oleg&age=30&salary=1900,737,0,84
1675267614960,3000,/user_info_2,200,OK,50 1-46,text,true,,464,248,50,799,http://162.55.220.72:5005/user_info_2,3000,0,221
1675267616850,1110,/object_info_2,200,OK,50 1-38,text,true,,463,165,50,799,http://162.55.220.72:5005/object_info_2?name=Oleg&age=30&salary=1900,1110,0,114
1675267617562,406,/object_info_3,200,OK,50 1-13,text,true,,524,165,50,799,http://162.55.220.72:5005/object_info_3?name=Georg&age=19&salary=900,406,0,103
1675267617280,711,/object_info_3,200,OK,50 1-35,text,true,,524,165,50,799,http://162.55.220.72:5005/object_info_3?name=Georg&age=19&salary=900,711,0,98
1675267617584,408,/object_info_3,200,OK,50 1-10,text,true,,524,165,50,799,http://162.55.220.72:5005/object_info_3?name=Georg&age=19&salary=900,408,0,93
1675267617280,722,/object_info_4,200,OK,50 1-14,text,true,,236,164,50,799,http://162.55.220.72:5005/object_info_4?name=Leo&age=55&salary=4000,722,0,98
1675267617286,716,/object_info_2,200,OK,50 1-16,text,true,,463,165,50,799,http://162.55.220.72:5005/object_info_2?name=Oleg&age=30&salary=1900,716,0,93
1675267617587,420,/object_info_2,200,OK,50 1-8,text,true,,463,165,49,798,http://162.55.220.72:5005/object_info_2?name=Oleg&age=30&salary=1900,420,0,112
1675267617349,678,/object_info_2,200,OK,50 1-11,text,true,,463,165,49,797,http://162.55.220.72:5005/object_info_2?name=Oleg&age=30&salary=1900,677,0,103
1675267614615,3424,/get_method,200,OK,50 1-36,text,true,,169,151,49,797,http://162.55.220.72:5005/get_method?name=Evgen&age=24,3424,0,3155
1675267616478,1593,/user_info_3,200,OK,50 1-7,text,true,,371,248,49,796,http://162.55.220.72:5005/user_info_3,1593,0,94
1675267616539,1532,/user_info_3,200,OK,50 1-29,text,true,,371,248,49,796,http://162.55.220.72:5005/user_info_3,1532,0,111
1675267617311,851,/object_info_3,200,OK,50 1-12,text,true,,524,165,49,796,http://162.55.220.72:5005/object_info_3?name=Georg&age=19&salary=900,851,0,138
1675267617287,907,/object_info_1,200,OK,50 1-39,text,true,,230,164,49,796,http://162.55.220.72:5005/object_info_1?name=Katya&age=33&weight=60,907,0,162
1675267617791,443,/object_info_4,200,OK,50 1-18,text,true,,236,164,49,796,http://162.55.220.72:5005/object_info_4?name=Leo&age=55&salary=4000,443,0,159
1675267617949,390,/object_info_1,200,OK,50 1-5,text,true,,230,164,48,794,http://162.55.220.72:5005/object_info_1?name=Katya&age=33&weight=60,390,0,79
1675267617586,757,/object_info_1,200,OK,50 1-4,text,true,,230,164,48,794,http://162.55.220.72:5005/object_info_1?name=Katya&age=33&weight=60,757,0,113
1675267617950,393,/object_info_3,200,OK,50 1-34,text,true,,524,165,48,794,http://162.55.220.72:5005/object_info_3?name=Georg&age=19&salary=900,393,0,78
1675267616775,1569,/object_info_3,200,OK,50 1-42,text,true,,524,165,48,794,http://162.55.220.72:5005/object_info_3?name=Georg&age=19&salary=900,1569,0,67
1675267617961,384,/object_info_3,200,OK,50 1-38,text,true,,524,165,48,794,http://162.55.220.72:5005/object_info_3?name=Georg&age=19&salary=900,384,0,79
1675267617992,396,/object_info_4,200,OK,50 1-10,text,true,,236,164,48,794,http://162.55.220.72:5005/object_info_4?name=Leo&age=55&salary=4000,396,0,79
1675267618007,387,/object_info_3,200,OK,50 1-8,text,true,,524,165,47,793,http://162.55.220.72:5005/object_info_3?name=Georg&age=19&salary=900,387,0,89
1675267618007,388,/object_info_3,200,OK,50 1-16,text,true,,524,165,47,792,http://162.55.220.72:5005/object_info_3?name=Georg&age=19&salary=900,387,0,89
1675267617991,408,/object_info_4,200,OK,50 1-35,text,true,,236,164,47,792,http://162.55.220.72:5005/object_info_4?name=Leo&age=55&salary=4000,404,0,80
1675267618027,400,/object_info_3,200,OK,50 1-11,text,true,,524,165,46,791,http://162.55.220.72:5005/object_info_3?name=Georg&age=19&salary=900,400,0,88
1675267617728,703,/object_info_1,200,OK,50 1-37,text,true,,230,164,46,791,http://162.55.220.72:5005/object_info_1?name=Katya&age=33&weight=60,703,0,83
1675267618040,392,/user_info_2,200,OK,50 1-36,text,true,,464,248,46,791,http://162.55.220.72:5005/user_info_2,392,0,79
1675267617721,736,/object_info_1,200,OK,50 1-21,text,true,,230,164,46,791,http://162.55.220.72:5005/object_info_1?name=Katya&age=33&weight=60,736,0,89
1675267617677,841,/object_info_2,200,OK,50 1-41,text,true,,463,165,46,790,http://162.55.220.72:5005/object_info_2?name=Oleg&age=30&salary=1900,841,0,121
1675267617775,817,/object_info_2,200,OK,50 1-47,text,true,,463,165,46,789,http://162.55.220.72:5005/object_info_2?name=Oleg&age=30&salary=1900,817,0,114
1675267613120,5461,/get_method,200,OK,50 1-6,text,true,,169,151,46,789,http://162.55.220.72:5005/get_method?name=Evgen&age=24,5461,0,213
1675267613138,5442,/get_method,200,OK,50 1-26,text,true,,169,151,46,789,http://162.55.220.72:5005/get_method?name=Evgen&age=24,5442,0,196
1675267613132,5447,/get_method,200,OK,50 1-24,text,true,,169,151,46,789,http://162.55.220.72:5005/get_method?name=Evgen&age=24,5446,0,202
1675267613120,5460,/get_method,200,OK,50 1-3,text,true,,169,151,46,789,http://162.55.220.72:5005/get_method?name=Evgen&age=24,5460,0,213
1675267613146,5433,/get_method,200,OK,50 1-25,text,true,,169,151,46,789,http://162.55.220.72:5005/get_method?name=Evgen&age=24,5432,0,188
1675267618072,506,/object_info_1,200,OK,50 1-7,text,true,,230,164,46,789,http://162.55.220.72:5005/object_info_1?name=Katya&age=33&weight=60,506,0,122
1675267618162,603,/object_info_4,200,OK,50 1-12,text,true,,236,164,46,789,http://162.55.220.72:5005/object_info_4?name=Leo&age=55&salary=4000,603,0,101
1675267616581,2193,/object_info_1,200,OK,50 1-45,text,true,,230,164,45,788,http://162.55.220.72:5005/object_info_1?name=Katya&age=33&weight=60,2192,0,1120
1675267614891,3884,/user_info_3,200,OK,50 1-27,text,true,,371,248,45,788,http://162.55.220.72:5005/user_info_3,3882,0,288
1675267618395,490,/object_info_4,200,OK,50 1-16,text,true,,236,164,45,785,http://162.55.220.72:5005/object_info_4?name=Leo&age=55&salary=4000,490,0,123
1675267617132,1776,/object_info_1,200,OK,50 1-33,text,true,,230,164,45,784,http://162.55.220.72:5005/object_info_1?name=Katya&age=33&weight=60,1776,0,1100
1675267618432,459,/user_info_3,200,OK,50 1-36,text,true,,371,248,45,785,http://162.55.220.72:5005/user_info_3,459,0,88
1675267618431,460,/object_info_2,200,OK,50 1-37,text,true,,463,165,45,785,http://162.55.220.72:5005/object_info_2?name=Oleg&age=30&salary=1900,459,0,88
1675267618394,491,/object_info_4,200,OK,50 1-8,text,true,,236,164,45,785,http://162.55.220.72:5005/object_info_4?name=Leo&age=55&salary=4000,491,0,124
1675267618457,487,/object_info_2,200,OK,50 1-21,text,true,,463,165,43,782,http://162.55.220.72:5005/object_info_2?name=Oleg&age=30&salary=1900,487,0,86
1675267618518,431,/object_info_3,200,OK,50 1-41,text,true,,524,165,43,782,http://162.55.220.72:5005/object_info_3?name=Georg&age=19&salary=900,431,0,74
1675267617303,1776,/user_info_3,200,OK,50 1-30,text,true,,371,248,43,781,http://162.55.220.72:5005/user_info_3,1776,0,1108
1675267618617,540,/object_info_2,200,OK,50 1-7,text,true,,463,165,43,780,http://162.55.220.72:5005/object_info_2?name=Oleg&age=30&salary=1900,540,0,159
1675267618776,495,/object_info_1,200,OK,50 1-27,text,true,,230,164,43,777,http://162.55.220.72:5005/object_info_1?name=Katya&age=33&weight=60,495,0,101
1675267618343,956,/object_info_4,200,OK,50 1-34,text,true,,236,164,43,776,http://162.55.220.72:5005/object_info_4?name=Leo&age=55&salary=4000,956,0,170
1675267618345,955,/object_info_4,200,OK,50 1-42,text,true,,236,164,42,775,http://162.55.220.72:5005/object_info_4?name=Leo&age=55&salary=4000,955,0,168
1675267617457,1846,/object_info_1,200,OK,50 1-22,text,true,,230,164,41,774,http://162.55.220.72:5005/object_info_1?name=Katya&age=33&weight=60,1846,0,1086
1675267618343,968,/object_info_2,200,OK,50 1-4,text,true,,463,165,41,774,http://162.55.220.72:5005/object_info_2?name=Oleg&age=30&salary=1900,968,0,170
1675267614065,5259,/get_method,200,OK,50 1-32,text,true,,169,151,41,773,http://162.55.220.72:5005/get_method?name=Evgen&age=24,5259,0,1146
1675267614075,5296,/get_method,200,OK,50 1-31,text,true,,169,151,41,772,http://162.55.220.72:5005/get_method?name=Evgen&age=24,5296,0,1139
1675267617452,1986,/object_info_2,200,OK,50 1-19,text,true,,463,165,41,772,http://162.55.220.72:5005/object_info_2?name=Oleg&age=30&salary=1900,1986,0,1119
1675267617968,1473,/object_info_4,200,OK,50 1-13,text,true,,236,164,41,772,http://162.55.220.72:5005/object_info_4?name=Leo&age=55&salary=4000,1473,0,1109
1675267617700,1757,/object_info_3,200,OK,50 1-44,text,true,,524,165,40,771,http://162.55.220.72:5005/object_info_3?name=Georg&age=19&salary=900,1756,0,1093
1675267618616,905,/user_info_2,200,OK,50 1-6,text,true,,464,248,40,767,http://162.55.220.72:5005/user_info_2,905,0,160
1675267618616,909,/object_info_3,200,OK,50 1-47,text,true,,524,165,40,767,http://162.55.220.72:5005/object_info_3?name=Georg&age=19&salary=900,909,0,160
1675267619271,423,/object_info_2,200,OK,50 1-27,text,true,,463,165,40,763,http://162.55.220.72:5005/object_info_2?name=Oleg&age=30&salary=1900,423,0,81
1675267615703,3990,/user_info_3,200,OK,50 1-17,text,true,,371,248,40,763,http://162.55.220.72:5005/user_info_3,3990,0,3094
1675267619303,471,/object_info_2,200,OK,50 1-22,text,true,,463,165,40,760,http://162.55.220.72:5005/object_info_2?name=Oleg&age=30&salary=1900,471,0,135
1675267618339,1445,/object_info_2,200,OK,50 1-5,text,true,,463,165,40,759,http://162.55.220.72:5005/object_info_2?name=Oleg&age=30&salary=1900,1445,0,174
1675267618775,1012,/object_info_2,200,OK,50 1-45,text,true,,463,165,40,757,http://162.55.220.72:5005/object_info_2?name=Oleg&age=30&salary=1900,1012,0,100
1675267616083,3705,/object_info_1,200,OK,50 1-23,text,true,,230,164,40,756,http://162.55.220.72:5005/object_info_1?name=Katya&age=33&weight=60,3704,0,3115
1675267619103,706,/object_info_1,200,OK,50 1-30,text,true,,230,164,40,756,http://162.55.220.72:5005/object_info_1?name=Katya&age=33&weight=60,706,0,97
1675267619157,666,/object_info_3,200,OK,50 1-7,text,true,,524,165,40,754,http://162.55.220.72:5005/object_info_3?name=Georg&age=19&salary=900,666,0,86
1675267618616,1296,/user_info_2,200,OK,50 1-26,text,true,,464,248,40,750,http://162.55.220.72:5005/user_info_2,1296,0,160
1675267618616,1301,/user_info_2,200,OK,50 1-24,text,true,,464,248,40,750,http://162.55.220.72:5005/user_info_2,1301,0,160
1675267618616,1303,/user_info_2,200,OK,50 1-3,text,true,,464,248,40,750,http://162.55.220.72:5005/user_info_2,1303,0,160
1675267618617,1304,/user_info_2,200,OK,50 1-25,text,true,,464,248,40,750,http://162.55.220.72:5005/user_info_2,1303,0,158
1675267619562,387,/user_info_3,200,OK,50 1-6,text,true,,371,248,40,749,http://162.55.220.72:5005/user_info_3,387,0,127
1675267619562,387,/object_info_4,200,OK,50 1-47,text,true,,236,164,40,749,http://162.55.220.72:5005/object_info_4?name=Leo&age=55&salary=4000,387,0,126
1675267619372,719,/user_info_2,200,OK,50 1-31,text,true,,464,248,39,739,http://162.55.220.72:5005/user_info_2,719,0,88
1675267615699,4368,/user_info_3,200,OK,50 1-20,text,true,,371,248,39,739,http://162.55.220.72:5005/user_info_3,4368,0,3094
1675267618345,1701,/object_info_4,200,OK,50 1-38,text,true,,236,164,39,739,http://162.55.220.72:5005/object_info_4?name=Leo&age=55&salary=4000,1701,0,1114
1675267619311,857,/object_info_3,200,OK,50 1-4,text,true,,524,165,38,732,http://162.55.220.72:5005/object_info_3?name=Georg&age=19&salary=900,857,0,127
1675267619694,479,/object_info_1,200,OK,50 1-17,text,true,,230,164,38,731,http://162.55.220.72:5005/object_info_1?name=Katya&age=33&weight=60,479,0,144
1675267619694,481,/object_info_3,200,OK,50 1-27,text,true,,524,165,38,731,http://162.55.220.72:5005/object_info_3?name=Georg&age=19&salary=900,481,0,144
1675267616362,3843,/object_info_1,200,OK,50 1-49,text,true,,230,164,38,731,http://162.55.220.72:5005/object_info_1?name=Katya&age=33&weight=60,3843,0,3097
1675267619809,402,/object_info_2,200,OK,50 1-30,text,true,,463,165,38,729,http://162.55.220.72:5005/object_info_2?name=Oleg&age=30&salary=1900,402,0,116
1675267619823,405,/object_info_4,200,OK,50 1-7,text,true,,236,164,38,729,http://162.55.220.72:5005/object_info_4?name=Leo&age=55&salary=4000,404,0,125
1675267619921,349,/user_info_3,200,OK,50 1-25,text,true,,371,248,37,728,http://162.55.220.72:5005/user_info_3,349,0,86
1675267618921,1357,/object_info_3,200,OK,50 1-37,text,true,,524,165,37,723,http://162.55.220.72:5005/object_info_3?name=Georg&age=19&salary=900,1357,0,1091
1675267619949,338,/object_info_1,200,OK,50 1-6,text,true,,230,164,37,721,http://162.55.220.72:5005/object_info_1?name=Katya&age=33&weight=60,338,0,94
1675267618944,1344,/object_info_3,200,OK,50 1-21,text,true,,524,165,37,721,http://162.55.220.72:5005/object_info_3?name=Georg&age=19&salary=900,1344,0,1100
1675267618949,1359,/object_info_4,200,OK,50 1-41,text,true,,236,164,37,720,http://162.55.220.72:5005/object_info_4?name=Leo&age=55&salary=4000,1359,0,1095
1675267617454,2923,/user_info_3,200,OK,50 1-15,text,true,,371,248,36,714,http://162.55.220.72:5005/user_info_3,2923,0,1116
1675267617453,3226,/user_info_3,200,OK,50 1-28,text,true,,371,248,36,693,http://162.55.220.72:5005/user_info_3,3226,0,1117
1675267620271,413,/object_info_1,200,OK,50 1-25,text,true,,230,164,36,691,http://162.55.220.72:5005/object_info_1?name=Katya&age=33&weight=60,413,0,66
1675267616875,3848,/user_info_3,200,OK,50 1-43,text,true,,371,248,36,687,http://162.55.220.72:5005/user_info_3,3848,0,1091
1675267616876,3847,/user_info_3,200,OK,50 1-2,text,true,,371,248,36,687,http://162.55.220.72:5005/user_info_3,3847,0,1090
1675267619325,1462,/user_info_2,200,OK,50 1-32,text,true,,464,248,36,680,http://162.55.220.72:5005/user_info_2,1462,0,1112
1675267620377,429,/object_info_1,200,OK,50 1-15,text,true,,230,164,36,680,http://162.55.220.72:5005/object_info_1?name=Katya&age=33&weight=60,429,0,93
1675267620111,709,/object_info_1,200,OK,50 1-20,text,true,,230,164,36,679,http://162.55.220.72:5005/object_info_1?name=Katya&age=33&weight=60,709,0,96
1675267620111,738,/user_info_3,200,OK,50 1-31,text,true,,371,248,36,676,http://162.55.220.72:5005/user_info_3,738,0,96
1675267619438,1426,/object_info_3,200,OK,50 1-19,text,true,,524,165,36,674,http://162.55.220.72:5005/object_info_3?name=Georg&age=19&salary=900,1426,0,1093
1675267619457,1454,/object_info_4,200,OK,50 1-44,text,true,,236,164,36,674,http://162.55.220.72:5005/object_info_4?name=Leo&age=55&salary=4000,1454,0,1086
1675267620173,788,/object_info_2,200,OK,50 1-17,text,true,,463,165,35,673,http://162.55.220.72:5005/object_info_2?name=Oleg&age=30&salary=1900,788,0,105
1675267619789,1174,/object_info_2,200,OK,50 1-23,text,true,,463,165,35,672,http://162.55.220.72:5005/object_info_2?name=Oleg&age=30&salary=1900,1174,0,115
1675267615733,5268,/user_info_3,200,OK,50 1-40,text,true,,371,248,35,671,http://162.55.220.72:5005/user_info_3,5268,0,67
1675267617115,3887,/object_info_1,200,OK,50 1-50,text,true,,230,164,35,671,http://162.55.220.72:5005/object_info_1?name=Katya&age=33&weight=60,3887,0,3099
1675267617178,3872,/object_info_2,200,OK,50 1-1,text,true,,463,165,35,670,http://162.55.220.72:5005/object_info_2?name=Oleg&age=30&salary=1900,3871,0,3103
1675267620787,388,/user_info_3,200,OK,50 1-32,text,true,,371,248,35,647,http://162.55.220.72:5005/user_info_3,388,0,74
1675267620168,1198,/object_info_4,200,OK,50 1-4,text,true,,236,164,35,628,http://162.55.220.72:5005/object_info_4?name=Leo&age=55&salary=4000,1198,0,104
1675267620175,1191,/object_info_4,200,OK,50 1-27,text,true,,236,164,35,628,http://162.55.220.72:5005/object_info_4?name=Leo&age=55&salary=4000,1191,0,103
1675267620865,538,/object_info_4,200,OK,50 1-19,text,true,,236,164,33,625,http://162.55.220.72:5005/object_info_4?name=Leo&age=55&salary=4000,538,0,96
1675267620806,781,/object_info_2,200,OK,50 1-15,text,true,,463,165,32,604,http://162.55.220.72:5005/object_info_2?name=Oleg&age=30&salary=1900,781,0,104
1675267621050,513,/object_info_3,200,OK,50 1-1,text,true,,524,165,32,610,http://162.55.220.72:5005/object_info_3?name=Georg&age=19&salary=900,513,0,82
1675267620725,829,/object_info_1,200,OK,50 1-43,text,true,,230,164,32,615,http://162.55.220.72:5005/object_info_1?name=Katya&age=33&weight=60,829,0,68
1675267621003,550,/object_info_2,200,OK,50 1-50,text,true,,463,165,32,615,http://162.55.220.72:5005/object_info_2?name=Oleg&age=30&salary=1900,550,0,83
1675267620963,590,/object_info_3,200,OK,50 1-23,text,true,,524,165,32,615,http://162.55.220.72:5005/object_info_3?name=Georg&age=19&salary=900,590,0,120
1675267618072,3481,/object_info_1,200,OK,50 1-29,text,true,,230,164,32,617,http://162.55.220.72:5005/object_info_1?name=Katya&age=33&weight=60,3481,0,123
1675267619912,1603,/user_info_3,200,OK,50 1-26,text,true,,371,248,32,619,http://162.55.220.72:5005/user_info_3,1603,0,1157
1675267621175,468,/object_info_1,200,OK,50 1-32,text,true,,230,164,32,597,http://162.55.220.72:5005/object_info_1?name=Katya&age=33&weight=60,468,0,110
1675267620207,1648,/object_info_2,200,OK,50 1-49,text,true,,463,165,32,575,http://162.55.220.72:5005/object_info_2?name=Oleg&age=30&salary=1900,1648,0,1081
1675267618195,3673,/object_info_2,200,OK,50 1-39,text,true,,463,165,32,575,http://162.55.220.72:5005/object_info_2?name=Oleg&age=30&salary=1900,3673,0,3093
1675267620211,1658,/object_info_3,200,OK,50 1-30,text,true,,524,165,32,575,http://162.55.220.72:5005/object_info_3?name=Georg&age=19&salary=900,1658,0,1077
1675267621593,472,/object_info_1,200,OK,50 1-26,text,true,,230,164,32,560,http://162.55.220.72:5005/object_info_1?name=Katya&age=33&weight=60,472,0,94
1675267621592,467,/object_info_2,200,OK,50 1-43,text,true,,463,165,32,560,http://162.55.220.72:5005/object_info_2?name=Oleg&age=30&salary=1900,467,0,94
1675267621592,467,/object_info_4,200,OK,50 1-1,text,true,,236,164,32,560,http://162.55.220.72:5005/object_info_4?name=Leo&age=55&salary=4000,467,0,94
1675267621593,466,/object_info_4,200,OK,50 1-23,text,true,,236,164,32,560,http://162.55.220.72:5005/object_info_4?name=Leo&age=55&salary=4000,466,0,94
1675267621592,467,/object_info_3,200,OK,50 1-50,text,true,,524,165,32,560,http://162.55.220.72:5005/object_info_3?name=Georg&age=19&salary=900,467,0,95
1675267621593,466,/object_info_2,200,OK,50 1-29,text,true,,463,165,32,560,http://162.55.220.72:5005/object_info_2?name=Oleg&age=30&salary=1900,466,0,93
1675267621592,468,/object_info_3,200,OK,50 1-15,text,true,,524,165,32,560,http://162.55.220.72:5005/object_info_3?name=Georg&age=19&salary=900,468,0,95
1675267620680,1527,/object_info_1,200,OK,50 1-28,text,true,,230,164,30,548,http://162.55.220.72:5005/object_info_1?name=Katya&age=33&weight=60,1527,0,1086
1675267620684,1523,/object_info_2,200,OK,50 1-25,text,true,,463,165,30,548,http://162.55.220.72:5005/object_info_2?name=Oleg&age=30&salary=1900,1523,0,1083
1675267620725,1642,/object_info_1,200,OK,50 1-2,text,true,,230,164,30,521,http://162.55.220.72:5005/object_info_1?name=Katya&age=33&weight=60,1642,0,68
1675267621869,499,/object_info_3,200,OK,50 1-39,text,true,,524,165,30,521,http://162.55.220.72:5005/object_info_3?name=Georg&age=19&salary=900,499,0,172
1675267621869,510,/object_info_4,200,OK,50 1-30,text,true,,236,164,30,521,http://162.55.220.72:5005/object_info_4?name=Leo&age=55&salary=4000,510,0,172
1675267621643,775,/object_info_2,200,OK,50 1-32,text,true,,463,165,29,518,http://162.55.220.72:5005/object_info_2?name=Oleg&age=30&salary=1900,775,0,104
1675267618921,3584,/object_info_1,200,OK,50 1-36,text,true,,230,164,29,517,http://162.55.220.72:5005/object_info_1?name=Katya&age=33&weight=60,3584,0,3135
1675267621002,1525,/object_info_1,200,OK,50 1-40,text,true,,230,164,29,512,http://162.55.220.72:5005/object_info_1?name=Katya&age=33&weight=60,1525,0,1071
1675267622093,530,/object_info_4,200,OK,50 1-15,text,true,,236,164,29,498,http://162.55.220.72:5005/object_info_4?name=Leo&age=55&salary=4000,530,0,117
1675267622368,390,/object_info_4,200,OK,50 1-39,text,true,,236,164,28,475,http://162.55.220.72:5005/object_info_4?name=Leo&age=55&salary=4000,390,0,138
1675267622368,393,/object_info_2,200,OK,50 1-2,text,true,,463,165,27,474,http://162.55.220.72:5005/object_info_2?name=Oleg&age=30&salary=1900,393,0,138
1675267622418,371,/object_info_3,200,OK,50 1-32,text,true,,524,165,27,469,http://162.55.220.72:5005/object_info_3?name=Georg&age=19&salary=900,371,0,109
1675267621855,944,/object_info_3,200,OK,50 1-49,text,true,,524,165,27,467,http://162.55.220.72:5005/object_info_3?name=Georg&age=19&salary=900,944,0,78
1675267622092,731,/object_info_4,200,OK,50 1-50,text,true,,236,164,27,466,http://162.55.220.72:5005/object_info_4?name=Leo&age=55&salary=4000,731,0,118
1675267622092,734,/object_info_3,200,OK,50 1-29,text,true,,524,165,26,465,http://162.55.220.72:5005/object_info_3?name=Georg&age=19&salary=900,734,0,118
1675267622092,736,/object_info_2,200,OK,50 1-26,text,true,,463,165,26,465,http://162.55.220.72:5005/object_info_2?name=Oleg&age=30&salary=1900,736,0,118
1675267622092,737,/object_info_3,200,OK,50 1-43,text,true,,524,165,26,465,http://162.55.220.72:5005/object_info_3?name=Georg&age=19&salary=900,737,0,118
1675267622505,377,/object_info_2,200,OK,50 1-36,text,true,,463,165,26,462,http://162.55.220.72:5005/object_info_2?name=Oleg&age=30&salary=1900,377,0,82
1675267622585,456,/object_info_2,200,OK,50 1-40,text,true,,463,165,26,443,http://162.55.220.72:5005/object_info_2?name=Oleg&age=30&salary=1900,456,0,72
1675267619784,3259,/object_info_3,200,OK,50 1-5,text,true,,524,165,26,437,http://162.55.220.72:5005/object_info_3?name=Georg&age=19&salary=900,3259,0,118
1675267622829,354,/object_info_4,200,OK,50 1-43,text,true,,236,164,26,410,http://162.55.220.72:5005/object_info_4?name=Leo&age=55&salary=4000,354,0,67
1675267622883,328,/object_info_3,200,OK,50 1-36,text,true,,524,165,25,402,http://162.55.220.72:5005/object_info_3?name=Georg&age=19&salary=900,328,0,71
1675267619917,3305,/user_info_3,200,OK,50 1-24,text,true,,371,248,25,401,http://162.55.220.72:5005/user_info_3,3305,0,3123
1675267619920,3307,/user_info_3,200,OK,50 1-3,text,true,,371,248,25,401,http://162.55.220.72:5005/user_info_3,3307,0,3120
1675267622761,547,/object_info_3,200,OK,50 1-2,text,true,,524,165,25,394,http://162.55.220.72:5005/object_info_3?name=Georg&age=19&salary=900,546,0,68
1675267622789,657,/object_info_4,200,OK,50 1-32,text,true,,236,164,25,369,http://162.55.220.72:5005/object_info_4?name=Leo&age=55&salary=4000,657,0,72
1675267622799,649,/object_info_4,200,OK,50 1-49,text,true,,236,164,24,368,http://162.55.220.72:5005/object_info_4?name=Leo&age=55&salary=4000,649,0,69
1675267623103,351,/object_info_4,200,OK,50 1-5,text,true,,236,164,23,367,http://162.55.220.72:5005/object_info_4?name=Leo&age=55&salary=4000,351,0,82
1675267623103,369,/object_info_3,200,OK,50 1-40,text,true,,524,165,22,366,http://162.55.220.72:5005/object_info_3?name=Georg&age=19&salary=900,369,0,82
1675267620288,3325,/object_info_4,200,OK,50 1-21,text,true,,236,164,22,324,http://162.55.220.72:5005/object_info_4?name=Leo&age=55&salary=4000,3325,0,3124
1675267623308,307,/object_info_4,200,OK,50 1-2,text,true,,236,164,22,323,http://162.55.220.72:5005/object_info_4?name=Leo&age=55&salary=4000,307,0,104
1675267620287,3322,/object_info_2,200,OK,50 1-6,text,true,,463,165,22,326,http://162.55.220.72:5005/object_info_2?name=Oleg&age=30&salary=1900,3321,0,3125
1675267623227,351,/object_info_1,200,OK,50 1-3,text,true,,230,164,22,335,http://162.55.220.72:5005/object_info_1?name=Katya&age=33&weight=60,351,0,81
1675267623222,349,/object_info_1,200,OK,50 1-24,text,true,,230,164,22,366,http://162.55.220.72:5005/object_info_1?name=Katya&age=33&weight=60,349,0,85
1675267620278,3333,/object_info_4,200,OK,50 1-37,text,true,,236,164,22,325,http://162.55.220.72:5005/object_info_4?name=Leo&age=55&salary=4000,3333,0,3134
1675267623211,359,/object_info_4,200,OK,50 1-36,text,true,,236,164,22,366,http://162.55.220.72:5005/object_info_4?name=Leo&age=55&salary=4000,359,0,92
1675267622207,1361,/object_info_3,200,OK,50 1-25,text,true,,524,165,22,366,http://162.55.220.72:5005/object_info_3?name=Georg&age=19&salary=900,1361,0,1096
1675267622207,1357,/object_info_2,200,OK,50 1-28,text,true,,463,165,22,366,http://162.55.220.72:5005/object_info_2?name=Oleg&age=30&salary=1900,1357,0,1095
1675267620849,2894,/object_info_1,200,OK,50 1-31,text,true,,230,164,18,311,http://162.55.220.72:5005/object_info_1?name=Katya&age=33&weight=60,2894,0,113
1675267623472,272,/object_info_4,200,OK,50 1-40,text,true,,236,164,18,311,http://162.55.220.72:5005/object_info_4?name=Leo&age=55&salary=4000,272,0,73
1675267623639,272,/object_info_4,200,OK,50 1-25,text,true,,236,164,17,250,http://162.55.220.72:5005/object_info_4?name=Leo&age=55&salary=4000,272,0,104
1675267623638,273,/object_info_2,200,OK,50 1-24,text,true,,463,165,17,250,http://162.55.220.72:5005/object_info_2?name=Oleg&age=30&salary=1900,273,0,105
1675267623639,273,/object_info_3,200,OK,50 1-28,text,true,,524,165,17,250,http://162.55.220.72:5005/object_info_3?name=Georg&age=19&salary=900,273,0,104
1675267623638,274,/object_info_2,200,OK,50 1-3,text,true,,463,165,16,249,http://162.55.220.72:5005/object_info_2?name=Oleg&age=30&salary=1900,274,0,105
1675267623638,277,/object_info_3,200,OK,50 1-6,text,true,,524,165,16,249,http://162.55.220.72:5005/object_info_3?name=Georg&age=19&salary=900,277,0,105
1675267620820,3095,/object_info_2,200,OK,50 1-20,text,true,,463,165,16,249,http://162.55.220.72:5005/object_info_2?name=Oleg&age=30&salary=1900,3095,0,121
1675267623744,269,/object_info_2,200,OK,50 1-31,text,true,,463,165,16,249,http://162.55.220.72:5005/object_info_2?name=Oleg&age=30&salary=1900,269,0,122
1675267623915,227,/object_info_4,200,OK,50 1-6,text,true,,236,164,16,212,http://162.55.220.72:5005/object_info_4?name=Leo&age=55&salary=4000,227,0,100
1675267623915,226,/object_info_3,200,OK,50 1-20,text,true,,524,165,16,212,http://162.55.220.72:5005/object_info_3?name=Georg&age=19&salary=900,226,0,100
1675267623913,225,/object_info_3,200,OK,50 1-3,text,true,,524,165,16,212,http://162.55.220.72:5005/object_info_3?name=Georg&age=19&salary=900,225,0,102
1675267623912,222,/object_info_4,200,OK,50 1-28,text,true,,236,164,16,214,http://162.55.220.72:5005/object_info_4?name=Leo&age=55&salary=4000,222,0,103
1675267623912,225,/object_info_3,200,OK,50 1-24,text,true,,524,165,16,213,http://162.55.220.72:5005/object_info_3?name=Georg&age=19&salary=900,225,0,102
1675267622828,1229,/object_info_3,200,OK,50 1-26,text,true,,524,165,16,232,http://162.55.220.72:5005/object_info_3?name=Georg&age=19&salary=900,1229,0,1086
1675267622827,1230,/object_info_4,200,OK,50 1-29,text,true,,236,164,16,232,http://162.55.220.72:5005/object_info_4?name=Leo&age=55&salary=4000,1230,0,1087
1675267620961,3196,/object_info_3,200,OK,50 1-17,text,true,,524,165,13,206,http://162.55.220.72:5005/object_info_3?name=Georg&age=19&salary=900,3196,0,3079
1675267624014,181,/object_info_3,200,OK,50 1-31,text,true,,524,165,13,202,http://162.55.220.72:5005/object_info_3?name=Georg&age=19&salary=900,181,0,67
1675267624150,236,/object_info_4,200,OK,50 1-26,text,true,,236,164,13,174,http://162.55.220.72:5005/object_info_4?name=Leo&age=55&salary=4000,236,0,87
1675267624149,237,/object_info_4,200,OK,50 1-20,text,true,,236,164,13,174,http://162.55.220.72:5005/object_info_4?name=Leo&age=55&salary=4000,237,0,72
1675267624150,237,/object_info_4,200,OK,50 1-24,text,true,,236,164,12,173,http://162.55.220.72:5005/object_info_4?name=Leo&age=55&salary=4000,237,0,87
1675267624150,237,/object_info_4,200,OK,50 1-3,text,true,,236,164,12,173,http://162.55.220.72:5005/object_info_4?name=Leo&age=55&salary=4000,237,0,87
1675267624157,230,/object_info_4,200,OK,50 1-17,text,true,,236,164,10,171,http://162.55.220.72:5005/object_info_4?name=Leo&age=55&salary=4000,230,0,81
1675267624196,332,/object_info_4,200,OK,50 1-31,text,true,,236,164,8,165,http://162.55.220.72:5005/object_info_4?name=Leo&age=55&salary=4000,332,0,169
1675267617578,7237,/object_info_1,200,OK,50 1-48,text,true,,230,164,7,114,http://162.55.220.72:5005/object_info_1?name=Katya&age=33&weight=60,7237,0,7126
1675267624815,188,/object_info_2,200,OK,50 1-48,text,true,,463,165,7,98,http://162.55.220.72:5005/object_info_2?name=Oleg&age=30&salary=1900,188,0,79
1675267617961,7204,/user_info_3,200,OK,50 1-46,text,true,,371,248,7,87,http://162.55.220.72:5005/user_info_3,7204,0,7118
1675267625003,171,/object_info_3,200,OK,50 1-48,text,true,,524,165,7,87,http://162.55.220.72:5005/object_info_3?name=Georg&age=19&salary=900,171,0,77
1675267625165,139,/object_info_1,200,OK,50 1-46,text,true,,230,164,7,75,http://162.55.220.72:5005/object_info_1?name=Katya&age=33&weight=60,139,0,69
1675267625175,138,/object_info_4,200,OK,50 1-48,text,true,,236,164,7,75,http://162.55.220.72:5005/object_info_4?name=Leo&age=55&salary=4000,138,0,66
1675267619787,5597,/object_info_3,200,OK,50 1-45,text,true,,524,165,6,70,http://162.55.220.72:5005/object_info_3?name=Georg&age=19&salary=900,5597,0,116
1675267625304,143,/object_info_2,200,OK,50 1-46,text,true,,463,165,6,67,http://162.55.220.72:5005/object_info_2?name=Oleg&age=30&salary=1900,143,0,73
1675267625384,163,/object_info_4,200,OK,50 1-45,text,true,,236,164,6,62,http://162.55.220.72:5005/object_info_4?name=Leo&age=55&salary=4000,163,0,65
1675267625447,136,/object_info_3,200,OK,50 1-46,text,true,,524,165,6,61,http://162.55.220.72:5005/object_info_3?name=Georg&age=19&salary=900,136,0,66
1675267618427,7177,/object_info_4,200,OK,50 1-11,text,true,,236,164,6,61,http://162.55.220.72:5005/object_info_4?name=Leo&age=55&salary=4000,7177,0,7092
1675267625608,139,/object_info_4,200,OK,50 1-46,text,true,,236,164,4,52,http://162.55.220.72:5005/object_info_4?name=Leo&age=55&salary=4000,139,0,66
1675267619774,5991,/object_info_3,200,OK,50 1-22,text,true,,524,165,3,51,http://162.55.220.72:5005/object_info_3?name=Georg&age=19&salary=900,5991,0,124
1675267616034,9790,/user_info_3,200,OK,50 1-9,text,true,,371,248,3,51,http://162.55.220.72:5005/user_info_3,9789,0,68
1675267625765,180,/object_info_4,200,OK,50 1-22,text,true,,236,164,3,46,http://162.55.220.72:5005/object_info_4?name=Leo&age=55&salary=4000,180,0,66
1675267625825,165,/object_info_1,200,OK,50 1-9,text,true,,230,164,2,45,http://162.55.220.72:5005/object_info_1?name=Katya&age=33&weight=60,165,0,67
1675267618921,7153,/object_info_2,200,OK,50 1-33,text,true,,463,165,2,41,http://162.55.220.72:5005/object_info_2?name=Oleg&age=30&salary=1900,7153,0,7084
1675267625991,168,/object_info_2,200,OK,50 1-9,text,true,,463,165,2,41,http://162.55.220.72:5005/object_info_2?name=Oleg&age=30&salary=1900,168,0,67
1675267626112,146,/object_info_3,200,OK,50 1-33,text,true,,524,165,2,38,http://162.55.220.72:5005/object_info_3?name=Georg&age=19&salary=900,146,0,70
1675267626159,163,/object_info_3,200,OK,50 1-9,text,true,,524,165,2,38,http://162.55.220.72:5005/object_info_3?name=Georg&age=19&salary=900,163,0,90
1675267626258,138,/object_info_4,200,OK,50 1-33,text,true,,236,164,2,35,http://162.55.220.72:5005/object_info_4?name=Leo&age=55&salary=4000,138,0,66
1675267626322,139,/object_info_4,200,OK,50 1-9,text,true,,236,164,1,34,http://162.55.220.72:5005/object_info_4?name=Leo&age=55&salary=4000,139,0,66
